TGTGCTGCTGCAACTTCAAGTGGCCAGAAGCTGGTTTTT	3.7099992347920406e-06	CAAATSSGQKLVF	2.8394053734836818e-05
TGTGCTGCTGAGCTCTCTTCTGGCAGCTGGCAACTCATCTTT	1.350638270576592e-07	CAAELSSGSWQLIF	1.4682487200045457e-06
TGTGCTGCCTTGGATAGCAACTATCAGTTGATCTGG	3.11914577552413e-07	CAALDSNYQLIW	9.396159192795142e-06
TGTGCCGCCCTGGATAGCAACTATCAGTTGATCTGG	5.305830136449318e-09	CAALDSNYQLIW	9.396159192795142e-06
TGTGCTGCCCTGGATAGCAACTATCAGTTGATCTGG	7.36286582276e-07	CAALDSNYQLIW	9.396159192795142e-06
TGTGCTGCCATGGATAGCAACTATCAGTTGATCTGG	3.951213481253576e-06	CAAMDSNYQLIW	2.5757798070748658e-05
TGTGCCGCCATGGATAGCAACTATCAGTTGATCTGG	9.248709105617865e-08	CAAMDSNYQLIW	2.5757798070748658e-05
TGTGCTGCTATGGATAGCAACTATCAGTTGATCTGG	1.6478372757157241e-06	CAAMDSNYQLIW	2.5757798070748658e-05
TGTGCTGCAATGGATAGCAACTATCAGTTGATCTGG	1.516937239395693e-06	CAAMDSNYQLIW	2.5757798070748658e-05
TGTGCTGCTAGGGATAGCAACTATCAGTTGATCTGG	4.347031324381308e-07	CAARDSNYQLIW	2.958748923974655e-05
TGTGCAGCTAGTGACCTGAATTATGGGGGCAGTGGCAACAAGCTCATCTTT	2.6303721512877634e-18	CAASDLNYGGSGNKLIF	1.8682697560013426e-16
TGTGCAGCAAGCATTGGGAACTATGCCCAGGGATTAACCTTC	3.779466667219606e-08	CAASIGNYAQGLTF	6.12177609949399e-07
TGTGCAGCTAGCCAGGGAGGCAGAGCTCTGATATTT	2.5624544397418234e-06	CAASQGGRALIF	5.134362929005534e-05
TGTGCAGCAAGCACCTATGGAAATGAGAAAATGACTTTT	0	CAASTYGNEKMTF	0
TGTGCTGCTGTGGATAGCAACTATCAGTTGATCTGG	2.0686592281983426e-06	CAAVDSNYQLIW	8.057904824424954e-06
TGTGCTGCCGTGGATAGCAACTATCAGTTGATCTGG	2.426708472757586e-07	CAAVDSNYQLIW	8.057904824424954e-06
TGTGCAGCATATACAGGAAACTACAAATACGTCTTT	1.5826530097948966e-06	CAAYTGNYKYVF	7.178177809143872e-06
TGTGCTTGCATGGATAGCAACTATCAGTTGATCTGG	1.021750012979427e-06	CACMDSNYQLIW	1.558024176262795e-06
TGTGCAGGGGGGGGGAACAGTGCAGGGAACAAGCTAACTTTT	2.010207759729873e-09	CAGGGNSAGNKLTF	7.89943016956746e-08
TGTGCTGGGATGGATAGCAACTATCAGTTGATCTGG	1.927889879252425e-06	CAGMDSNYQLIW	1.259303392943577e-05
TGTGCAGGGACTGGAGGCTATAAAGTGGTCTTT	2.1332356066453027e-05	CAGTGGYKVVF	0.00010507536741021691
TGTGCTTTGGACTTATCTGGTAGCTTCAATAAGTTGACCTTT	4.190787475345241e-07	CALDLSGSFNKLTF	1.992454131274442e-06
TGTGCTCTCATGGATAGCAACTATCAGTTGATCTGG	3.4121004264414405e-06	CALMDSNYQLIW	2.071080069680295e-05
TGTGCTTTGCCCAATACCGACAAAGTCGTCTTT	2.0821787162279485e-15	CALPNTDKVVF	1.1999084611894812e-13
TGTGCTTTGAGGGGCTACAAACTTACCTTC	2.6457475809708913e-06	CALRGYKLTF	5.81626562506441e-06
TGTGCTTTGAGTGATAATAATGCAGGTGCCAAGCTCACATTC	9.404389002495377e-06	CALSDNNAGAKLTF	2.6807317159457974e-05
TGTGCTTTGAGTCCCCTCGGAGGAAGCAATGCAAAGCTAACCTTC	3.9764264060421315e-09	CALSPLGGSNAKLTF	1.742812500427057e-07
TGTGCTTTGACGGTGGGTAACTATGCCCAGGGATTAACCTTC	2.2765401505724556e-10	CALTVGNYAQGLTF	6.443245625594081e-09
TGTGCTCTCTGGGAGCTTGACTCGGGATACAACAAACTCACTTTT	2.1532349108334e-07	CALWELDSGYNKLTF	1.0793566878790945e-06
TGTGCTCTCTGGGAGCTGGGGAGCAATAACAGAATCTTCTTT	8.792062214068359e-07	CALWELGSNNRIFF	2.6781057411197e-06
TGTGCTCTCTGGGAGCCCCATTATGGGGGCAGTGGCAACAAGCTCATCTTT	6.702357094091526e-17	CALWEPHYGGSGNKLIF	8.345265485197475e-16
TGTGCGAATCTACCAGGCACTGGGAGTAACAGGCTCACTTTT	2.5034942261862795e-07	CANLPGTGSNRLTF	2.1317861801348632e-06
TGTGCCCCTATGGATAGCAACTATCAGTTGATCTGG	1.0624163516753506e-07	CAPMDSNYQLIW	8.014027355084027e-06
TGTGCCCCCATGGATAGCAACTATCAGTTGATCTGG	6.72273922363514e-07	CAPMDSNYQLIW	8.014027355084027e-06
TGTGCTCCCCAGGGCAACTATCAGTTGATCTGG	1.8345024054136926e-09	CAPQGNYQLIW	5.5058003792412986e-09
TGTGCCCCCCGCGACGGCAACTATCAGTTGATCTGG	8.823618955793966e-14	CAPRDGNYQLIW	9.157852390932413e-11
TGTGCCCAGATGGATAGCAACTATCAGTTGATCTGG	4.989153475645044e-08	CAQMDSNYQLIW	1.1458163462568777e-06
TGTGCGCGGGACAACAGTAAGCTGATTTGG	1.2628618642691424e-09	CARDNSKLIW	4.708507588866693e-07
TGTGCCCGCCCACAGGTTGTGGGGCAGCTCACTTTC	1.2199453669489319e-09	CARPQVVGQLTF	1.6302657745741306e-07
TGTGCTTCCATGGATAGCAACTATCAGTTGATCTGG	1.6962979757134793e-06	CASMDSNYQLIW	5.951269691540172e-06
TGTGCTTCAAATTCTGGGACTTACCAGAGGTTT	9.273868964846816e-06	CASNSGTYQRF	1.917804656307701e-05
TGTGCTGTGGCGGATAGCAACTATCAGTTGATCTGG	1.7030100168418047e-07	CAVADSNYQLIW	3.3288054129914914e-06
TGTGCTGTCGCAGATAGCAACTATCAGTTGATCTGG	1.7181347442793177e-09	CAVADSNYQLIW	3.3288054129914914e-06
TGTGCTGTGGCCGATAGCAACTATCAGTTGATCTGG	4.872903310324905e-08	CAVADSNYQLIW	3.3288054129914914e-06
TGTGCTGTGGGGGATAGCAACTATCAGTTGATCTGG	7.196099289557809e-07	CAVGDSNYQLIW	1.0598251472366382e-05
TGTGCTGTGATTGATAGCAACTATCAGTTGATCTGG	7.377401266121883e-08	CAVIDSNYQLIW	3.2287435737024843e-06
TGTGCTGTGATCGATAGCAACTATCAGTTGATCTGG	1.1977282997058222e-07	CAVIDSNYQLIW	3.2287435737024843e-06
TGTGCTGTGATAGATAGCAACTATCAGTTGATCTGG	5.651524252888626e-08	CAVIDSNYQLIW	3.2287435737024843e-06
TGTGCTGTGAAAGATGGCAACTATCAGTTGATCTGG	2.144326202915283e-11	CAVKDGNYQLIW	1.977480559004506e-09
TGTGCTGTGAAAGATAGCAACTATCAGTTGATCTGG	1.126640957117497e-07	CAVKDSNYQLIW	9.273211490472309e-06
TGTGCTGTGAAGGATAGCAACTATCAGTTGATCTGG	6.155044654120219e-07	CAVKDSNYQLIW	9.273211490472309e-06
TGTGCTGTGAAGAATAGCAACTATCAGTTGATCTGG	2.7912218930289717e-08	CAVKNSNYQLIW	5.949433881944999e-07
TGTGCTGTGTTGGATAGCAACTATCAGTTGATCTGG	1.3785289273764075e-07	CAVLDSNYQLIW	6.608805020215893e-06
TGTGCTGTCTTGGATAGCAACTATCAGTTGATCTGG	8.582659106260316e-08	CAVLDSNYQLIW	6.608805020215893e-06
TGTGCTGTCCTGGATAGCAACTATCAGTTGATCTGG	2.0321305501429706e-07	CAVLDSNYQLIW	6.608805020215893e-06
TGTGCTGTTCTGGATAGCAACTATCAGTTGATCTGG	1.554499333317101e-07	CAVLDSNYQLIW	6.608805020215893e-06
TGTGCTGTGCTGGATAGCAACTATCAGTTGATCTGG	2.203769394376168e-07	CAVLDSNYQLIW	6.608805020215893e-06
TGTGCTGTACTGGATAGCAACTATCAGTTGATCTGG	4.219790004662612e-08	CAVLDSNYQLIW	6.608805020215893e-06
TGTGCAGTGTTGAATAATAATGCAGGTGCCAAGCTCACATTC	2.1615527648085233e-07	CAVLNNNAGAKLTF	2.3132178341569398e-06
TGTGCTGTGATGGATAGCAACTATCAGTTGATCTGG	1.4974157116959589e-06	CAVMDSNYQLIW	2.1426989664598496e-05
TGTGCTGTCATGGATAGCAACTATCAGTTGATCTGG	1.3209056167799185e-06	CAVMDSNYQLIW	2.1426989664598496e-05
TGTGCGGTCATGGATAGCAACTATCAGTTGATCTGG	1.594610188854067e-07	CAVMDSNYQLIW	2.1426989664598496e-05
TGTGCTGTTATGGATAGCAACTATCAGTTGATCTGG	5.082243279648063e-07	CAVMDSNYQLIW	2.1426989664598496e-05
TGTGCTGTAATGGATAGCAACTATCAGTTGATCTGG	2.994167100418201e-07	CAVMDSNYQLIW	2.1426989664598496e-05
TGTGCTGTGAGGGCCCTGAATTATAACCAGGGGAAGCTTATCTTT	3.3298098683191604e-07	CAVRALNYNQGKLIF	9.876224706929232e-07
TGTGCTGTGAGGGCCCCCTCCAGAATCTTCTTT	7.25787615552255e-11	CAVRAPSRIFF	5.545810358296536e-10
TGTGCTGTGAGGGATGACAACTATCAGTTGATCTGG	2.0918409052382073e-08	CAVRDDNYQLIW	2.406067776642405e-08
TGTGCTGTGAGGGATGGGGACTATCAGTTGATCTGG	3.4560097138991297e-09	CAVRDGDYQLIW	5.65824197611474e-09
TGTGCTGTGAGGGATGGGGGAAGTGGAGGACTAAGTGGTAAATTAACATTC	2.9592702865035854e-12	CAVRDGGSGGLSGKLTF	1.728113920049797e-10
TGTGCTGTGAGGGACGGGGGCTACAAACTTACCTTC	1.2150201716700258e-08	CAVRDGGYKLTF	1.9071107125725803e-07
TGTGCTGTGAGGGATGGAGGCTATAAAGTGGTCTTT	8.466576888868708e-07	CAVRDGGYKVVF	1.5714784004552077e-06
TGTGCTGTGAGGGATGGGAATAATAATGCAGGTGCCAAGCTCACATTC	2.1342005586646508e-07	CAVRDGNNNAGAKLTF	2.8922771032146505e-07
TGTGCTGTGAGGGATGGCAACTATCAGTTGATCTGG	2.7350791294967017e-07	CAVRDGNYQLIW	3.3212333100024283e-07
TGTGCTGTGAGGGACGGCAACTATCAGTTGATCTGG	2.6458375408167093e-08	CAVRDGNYQLIW	3.3212333100024283e-07
TGTGCTGTGAGGGATGGGAACTATCAGTTGATCTGG	1.0148785341030994e-08	CAVRDGNYQLIW	3.3212333100024283e-07
TGTGCTGTGAGGGATGGAAACTATCAGTTGATCTGG	4.414043419673009e-09	CAVRDGNYQLIW	3.3212333100024283e-07
TGTGCTGTGAGGGATGGAACTTCAAGTGGCCAGAAGCTGGTTTTT	4.560561580673968e-07	CAVRDGTSSGQKLVF	8.773759514096054e-07
TGTGCTGTGAGGGATGGTTATGGGGGCAGTGGCAACAAGCTCATCTTT	7.999907463464931e-15	CAVRDGYGGSGNKLIF	1.763490861888516e-13
TGTGCTGTGAGGGATCTGGACTATCAGTTGATCTGG	1.7193382091118976e-09	CAVRDLDYQLIW	5.032413624608194e-09
TGTGCTGTGAGGGATCTGGGCCAGGGAGGCAGAGCTCTGATATTT	4.972704456243745e-08	CAVRDLGQGGRALIF	1.9436424535604468e-07
TGTGCTGTGAGGGACCTCAACTATCAGTTGATCTGG	3.0701104627906735e-09	CAVRDLNYQLIW	5.759857254766328e-08
TGTGCTGTGAGGGATCCTAACAGTGCAGGGAACAAGCTAACTTTT	4.65538557733421e-06	CAVRDPNSAGNKLTF	6.531765765768545e-06
TGTGCTGTGAGGGATCCCCCAACTTCAAGTGGCCAGAAGCTGGTTTTT	2.313596295029731e-07	CAVRDPPTSSGQKLVF	4.075667695573897e-07
TGTGCTGTGAGGGATCAAGACTATCAGTTGATCTGG	1.3411135415270292e-09	CAVRDQDYQLIW	4.309461024492357e-09
TGTGCTGTGAGGGATCAGGGTTATGGGGGCAGTGGCAACAAGCTCATCTTT	2.0657892972944821e-16	CAVRDQGYGGSGNKLIF	6.6021267260881055e-15
TGTGCTGTGAGGGATCGCGACTATCAGTTGATCTGG	8.363590438769588e-10	CAVRDRDYQLIW	1.3479502952303194e-08
TGTGCTGTGAGGGATCGAGACTATCAGTTGATCTGG	2.510156516209003e-09	CAVRDRDYQLIW	1.3479502952303194e-08
TGTGCTGTGAGGGATCGGGACTATCAGTTGATCTGG	7.2244497896126225e-09	CAVRDRDYQLIW	1.3479502952303194e-08
TGTGCTGTGAGGGATAGGGACTATCAGTTGATCTGG	1.378781391890492e-09	CAVRDRDYQLIW	1.3479502952303194e-08
TGTGCTGTGAGGGATCGTGACTATCAGTTGATCTGG	6.948393345766391e-10	CAVRDRDYQLIW	1.3479502952303194e-08
TGTGCTGTGAGGGATCGGGGGACTGGAGGCTATAAAGTGGTCTTT	1.666756826251851e-06	CAVRDRGTGGYKVVF	3.7351812697789522e-06
TGTGCTGTGAGGGATCGCAACTATCAGTTGATCTGG	5.213512204854683e-07	CAVRDRNYQLIW	6.436118943983455e-07
TGTGCTGTGAGGGATCGGAACTATCAGTTGATCTGG	1.8757850621031302e-08	CAVRDRNYQLIW	6.436118943983455e-07
TGTGCTGTGAGGGATCGTAGCAATAACAGAATCTTCTTT	1.7609474862873469e-06	CAVRDRSNNRIFF	5.758259122280376e-06
TGTGCTGTGAGGGATAGCAACTATCAGTTGATCTGG	7.612122490490302e-06	CAVRDSNYQLIW	4.838497064701238e-05
TGTGCTGTGAGAGATAGCAACTATCAGTTGATCTGG	6.762604445418874e-07	CAVRDSNYQLIW	4.838497064701238e-05
TGTGCTGTGAGAGACAGCAACTATCAGTTGATCTGG	6.98029407742387e-09	CAVRDSNYQLIW	4.838497064701238e-05
TGTGCTGTGAGGGACAGCAACTATCAGTTGATCTGG	2.826146501428609e-07	CAVRDSNYQLIW	4.838497064701238e-05
TGTGCTGTCCGCGATAGCAACTATCAGTTGATCTGG	7.424338523467733e-09	CAVRDSNYQLIW	4.838497064701238e-05
TGTGCTGTCCGGGATAGCAACTATCAGTTGATCTGG	1.2032410832746152e-07	CAVRDSNYQLIW	4.838497064701238e-05
TGTGCTGTGCGTGATAGCAACTATCAGTTGATCTGG	8.85350257570091e-09	CAVRDSNYQLIW	4.838497064701238e-05
TGTGCTGTGCGGGATAGCAACTATCAGTTGATCTGG	1.6581158663730138e-07	CAVRDSNYQLIW	4.838497064701238e-05
TGTGCTGTGAGGGAGGGCAACTATCAGTTGATCTGG	1.0072278788671569e-07	CAVREGNYQLIW	2.11322605641007e-07
TGTGCTGTGAGGGAAGGCAACTATCAGTTGATCTGG	4.311464913460417e-08	CAVREGNYQLIW	2.11322605641007e-07
TGTGCTGTGAGAGAAAGCAACTATCAGTTGATCTGG	8.77542918163866e-09	CAVRESNYQLIW	1.3925642732744136e-06
TGTGCTGTGAGGGGAGGGGACTATCAGTTGATCTGG	1.263927475770555e-10	CAVRGGDYQLIW	1.7972028814755502e-09
TGTGCTGTGAGGGGAGGCAACTATCAGTTGATCTGG	4.1137599478316e-08	CAVRGGNYQLIW	3.8101108601113453e-07
TGTGCTGTGAGGGGGAGCAACTATCAGTTGATCTGG	7.056383041244339e-07	CAVRGSNYQLIW	4.829865013153179e-06
TGTGCTGTGAGGAATAGCAACTATCAGTTGATCTGG	5.36956501605122e-07	CAVRNSNYQLIW	3.861439676292229e-06
TGTGCTGTGAGGAACAGCAACTATCAGTTGATCTGG	2.479874350037242e-08	CAVRNSNYQLIW	3.861439676292229e-06
TGTGCTGTGAGAAATAGCAACTATCAGTTGATCTGG	1.2908555738689975e-07	CAVRNSNYQLIW	3.861439676292229e-06
TGTGCTGTGAGGCCCCAGGAGGACTACAGCAACAACAGACTTACTTTG	3.994339887746075e-11	CAVRPQEDYSNNRLTL	3.1490056166255707e-10
TGTGCTGTGAGCGATAGCAACTATCAGTTGATCTGG	4.5603533609517014e-06	CAVSDSNYQLIW	3.6833846770912975e-05
TGTGCTGTGAGTGATAGCAACTATCAGTTGATCTGG	4.301851616577936e-07	CAVSDSNYQLIW	3.6833846770912975e-05
TGTGCTGTCTCGGATAGCAACTATCAGTTGATCTGG	7.191862217960507e-08	CAVSDSNYQLIW	3.6833846770912975e-05
TGTGCTGTCTCAGATAGCAACTATCAGTTGATCTGG	3.953266762833988e-09	CAVSDSNYQLIW	3.6833846770912975e-05
TGTGCTGTGTCCGATAGCAACTATCAGTTGATCTGG	4.044522632170319e-08	CAVSDSNYQLIW	3.6833846770912975e-05
TGTGCAGTGAGCATGGCTACTGGAGGCAATAATAAGCTGACTTTT	1.0576402917978321e-05	CAVSMATGGNNKLTF	1.871518887769903e-05
TGTGCTGTGAGCAATAGCAACTATCAGTTGATCTGG	8.415304134394307e-07	CAVSNSNYQLIW	6.275318697450478e-06
TGCGCAGTCAGTCCGGACTACAGCAACAACAGACTTACTTTG	6.381521077501394e-06	CAVSPDYSNNRLTL	2.2822491201047575e-05
TGTGCTGTGAGCCCAGGCACTGGGAGTAACAGGCTCACTTTT	2.911137210007032e-06	CAVSPGTGSNRLTF	1.9494222097221104e-05
TGTGCAGTGAGCCGGAATTATAACCAGGGGAAGCTTATCTTT	2.9874718141711703e-06	CAVSRNYNQGKLIF	2.030340766353366e-05
TGTGCTGTGACCGATAGCAACTATCAGTTGATCTGG	2.905686552803803e-07	CAVTDSNYQLIW	1.5543578046134982e-05
TGTGCTGTCACGGATAGCAACTATCAGTTGATCTGG	2.0565405284890713e-08	CAVTDSNYQLIW	1.5543578046134982e-05
TGTGCTGTGACGGATAGCAACTATCAGTTGATCTGG	7.276309415120448e-07	CAVTDSNYQLIW	1.5543578046134982e-05
TGTGCTGTGACAGATAGCAACTATCAGTTGATCTGG	7.110577943321596e-08	CAVTDSNYQLIW	1.5543578046134982e-05
TGTGCTGTGACTGATAGCAACTATCAGTTGATCTGG	1.1748385426618885e-07	CAVTDSNYQLIW	1.5543578046134982e-05
TGTGCTGTGACTAATAGCAACTATCAGTTGATCTGG	1.3098112366425378e-08	CAVTNSNYQLIW	8.96025426275837e-07
TGTGCTGTGGTGGATAGCAACTATCAGTTGATCTGG	3.063107783182885e-07	CAVVDSNYQLIW	4.244730965992962e-06
TGTGCTGTCGTGGATAGCAACTATCAGTTGATCTGG	6.77972707776725e-08	CAVVDSNYQLIW	4.244730965992962e-06
TGTGCTGTGGTCGATAGCAACTATCAGTTGATCTGG	2.5935544251897204e-08	CAVVDSNYQLIW	4.244730965992962e-06
TGTGCTGTGTGGGATAGCAACTATCAGTTGATCTGG	1.1112632713545372e-07	CAVWDSNYQLIW	1.604780631148357e-06
TGTGATAACAGTGCAGGGAACAAGCTAACTTTT	4.990328723702158e-07	CDNSAGNKLTF	7.082365914444083e-07
TGTGGGGCAATGGATAGCAACTATCAGTTGATCTGG	1.350020702343191e-09	CGAMDSNYQLIW	5.035509566904494e-08
TGCATTGTGACTTATAGAGGTTCAGCCTTAGGGAGGCTGCATTTT	4.8522458025558845e-08	CIVTYRGSALGRLHF	7.093809884857379e-08
TGCTCAGCAGGGGCATCTTCTGGCAGCTGGCAACTCATCTTT	2.797832400500465e-07	CSAGASSGSWQLIF	8.33764828771103e-07
TGCTCAGCAATCGTGCTTTACTTC	1.8660430763735298e-08	CSAIVLYF	2.0729485365538397e-08
TGCTCAGCAAGTATTCGGGCTTCTGGCAGCTGGCAACTCATCTTT	1.279109416071737e-09	CSASIRASGSWQLIF	5.041347385858913e-08
TGCTCAGCAAGTCCCTCAACTTCAAGTGGCCAGAAGCTGGTTTTT	2.3633268529267243e-08	CSASPSTSSGQKLVF	5.2889020660729445e-08
TGCTCAGCAAGCAGCTGGCAACTCATCTTT	2.0782897912936116e-08	CSASSWQLIF	8.234665916791417e-08
TGTGTTCTGGGGAATAGCAATAACAGAATCTTCTTT	6.45390802725158e-06	CVLGNSNNRIFF	1.133920515747857e-05
TGTGTTCTCCGGAATAGCAATAACAGAATCTTCTTT	2.6367074362285337e-07	CVLRNSNNRIFF	3.5862223381031047e-06
TGTGTTCTGCGCAATAGCAATAACAGAATCTTCTTT	1.1818746991377387e-08	CVLRNSNNRIFF	3.5862223381031047e-06
